",""nest_id"",""nestbox"",""plot"",""tree_species_composition"",""fragment_area"",""edge_density"",""breeding_season"",""species"",""id_male"",""id_female"",""laying_date"",""clutch_size"",""collected_Egg"",""hatchling_number"",""Fledgling_number"",""frass"""
"1,""2016_44_1"",""44_1"",44,""FsylQrob"",46.6448,1378.848035,2016,""Cyanistescaeruleus"",""8879112"",""8879113"",2016-04-12,11,0,11,11,0.143151147"
"2,""2016_32_2"",""32_2"",32,""QrobQrub"",35.4919,2006.642238,2016,""Cyanistescaeruleus"",""8879144"",NA,NA,11,0,11,11,NA"
"3,""2016_37_2"",""37_2"",37,""Qrub"",58.3536,1834.147379,2016,""Cyanistescaeruleus"",""8879169"",""8879168"",2016-04-10,13,0,12,12,0.44509754"
"4,""2016_36_4"",""36_4"",36,""Qrub"",58.3536,1206.265666,2016,""Cyanistescaeruleus"",""8879170"",""8879171"",2016-04-13,9,0,9,9,0.118962024"
"5,""2016_38_1"",""38_1"",38,""threespec"",46.6448,1588.065265,2016,""Cyanistescaeruleus"",""8879174"",""8879173"",2016-04-15,9,0,8,8,0.396583968"
"6,""2015_8_2"",""8_2"",8,""FsylQrub"",90.3595,1250.118395,2015,""Cyanistescaeruleus"",""11024452"",""11024451"",2015-04-21,10,1,9,9,NA"
"7,""2016_24_4"",""24_4"",24,""threespec"",44.1402,1106.881143,2016,""Cyanistescaeruleus"",""12126126"",""12126125"",2016-04-10,12,0,10,10,0.062506151"
"8,""2016_21_3"",""21_3"",21,""Fsyl"",6.1912,1777.232464,2016,""Cyanistescaeruleus"",""12126139"",""12126138"",2016-04-14,9,0,9,0,0.02553256"
"9,""2016_22_3"",""22_3"",22,""Fsyl"",44.1402,2336.669661,2016,""Cyanistescaeruleus"",""12126140"",""12126269"",2016-04-07,11,0,9,9,0.024733413"
"10,""2015_17_1"",""17_1"",17,""FsylQrob"",90.3595,1895.97334,2015,""Cyanistescaeruleus"",""12126204"",""12126205"",2015-04-09,14,1,13,13,NA"
"11,""2015_17_3"",""17_3"",17,""FsylQrob"",90.3595,1895.97334,2015,""Cyanistescaeruleus"",""12126232"",""12126231"",2015-04-17,12,1,10,9,NA"
"12,""2015_30_4"",""30_4"",30,""FsylQrob"",9.6915,1963.189302,2015,""Cyanistescaeruleus"",""12126236"",""12126237"",2015-04-15,12,1,11,11,NA"
"13,""2015_22_3"",""22_3"",22,""Fsyl"",44.1402,2336.669661,2015,""Cyanistescaeruleus"",""12126270"",""12126269"",2015-04-16,11,1,9,8,NA"
"14,""2015_3_4"",""3_4"",3,""Fsyl"",43.7401,1202.986145,2015,""Cyanistescaeruleus"",""12126272"",""12126273"",2015-04-23,10,1,7,4,NA"
"15,""2016_3_3"",""3_3"",3,""Fsyl"",43.7401,1202.986145,2016,""Cyanistescaeruleus"",""12126272"",NA,2016-04-11,9,0,7,7,0.01686571"
"16,""2015_2_1"",""2_1"",2,""Fsyl"",43.7401,1811.174044,2015,""Cyanistescaeruleus"",""12126274"",""12126275"",2015-04-19,11,1,10,9,NA"
"17,""2015_16_2"",""16_2"",16,""Qrub"",90.3595,783.4203332,2015,""Cyanistescaeruleus"",""12126276"",""12126277"",2015-04-21,9,1,7,7,NA"
"18,""2016_16_1"",""16_1"",16,""Qrub"",90.3595,783.4203332,2016,""Cyanistescaeruleus"",""12126276"",""14157379"",2016-04-12,11,0,11,11,0.092564624"
"19,""2015_28_2"",""28_2"",28,""FsylQrob"",10.7426,1861.982544,2015,""Cyanistescaeruleus"",""12126279"",""12126278"",2015-04-15,12,1,9,7,NA"
"20,""2016_11_4"",""11_4"",11,""threespec"",90.3595,850.7066029,2016,""Cyanistescaeruleus"",""12126281"",""11024459"",2016-04-06,10,0,10,10,0.106709325"
"21,""2015_13_2"",""13_2"",13,""FsylQrob"",90.3595,734.2083225,2015,""Cyanistescaeruleus"",""12126281"",""12126280"",2015-04-19,11,1,10,10,NA"
"22,""2015_53_1"",""53_1"",53,""QrobQrub"",53.3881,655.90871,2015,""Cyanistescaeruleus"",""12126282"",""12126271"",2015-04-12,13,1,11,11,NA"
"23,""2016_19_3"",""19_3"",19,""Qrob"",90.3595,1309.083906,2016,""Cyanistescaeruleus"",""12126331"",""14157731"",2016-04-16,11,0,11,10,0.406945913"
"24,""2015_41_2"",""41_2"",41,""Qrub"",46.6448,1874.24286,2015,""Cyanistescaeruleus"",""12126345"",""12126344"",2015-04-09,10,1,9,7,NA"
"25,""2015_27_1"",""27_1"",27,""FsylQrob"",1.313,1235.849916,2015,""Cyanistescaeruleus"",""12126347"",""12126346"",2015-05-02,10,0,8,0,NA"
"26,""2015_24_3"",""24_3"",24,""threespec"",44.1402,1106.881143,2015,""Cyanistescaeruleus"",""12126409"",""12126408"",2015-04-01,12,1,11,6,NA"
"27,""2015_19_1"",""19_1"",19,""Qrob"",90.3595,1309.083906,2015,""Cyanistescaeruleus"",""12126411"",""12126441"",2015-04-02,14,0,14,14,NA"
"28,""2015_51_2"",""51_2"",51,""QrobQrub"",25.5002,1674.359935,2015,""Cyanistescaeruleus"",""12126412"",""12126413"",2015-04-09,12,1,10,10,NA"
"29,""2016_51_2"",""51_2"",51,""QrobQrub"",25.5002,1674.359935,2016,""Cyanistescaeruleus"",""12126412"",""12126413"",2016-04-04,11,0,10,10,0.646390179"
"30,""2015_22_4"",""22_4"",22,""Fsyl"",44.1402,2336.669661,2015,""Cyanistescaeruleus"",""12126414"",""12126415"",2015-04-11,11,1,8,7,NA"
"31,""2015_23_4"",""23_4"",23,""FsylQrob"",44.1402,2590.644674,2015,""Cyanistescaeruleus"",""12126416"",NA,2015-04-12,13,1,12,12,NA"
"32,""2015_21_1"",""21_1"",21,""Fsyl"",6.1912,1777.232464,2015,""Cyanistescaeruleus"",""12126417"",NA,2015-04-13,12,1,9,9,NA"
"33,""2015_49_4"",""49_4"",49,""QrobQrub"",25.5002,1946.661629,2015,""Cyanistescaeruleus"",""12126433"",NA,2015-04-08,12,1,9,9,NA"
"34,""2015_7_2"",""7_2"",7,""threespec"",90.3595,1248.625509,2015,""Cyanistescaeruleus"",""12126434"",""12126435"",2015-04-12,10,1,9,9,NA"
"35,""2015_9_1"",""9_1"",9,""FsylQrob"",90.3595,1331.566955,2015,""Cyanistescaeruleus"",""12126436"",""12126437"",2015-04-11,10,1,9,9,NA"
"36,""2015_20_3"",""20_3"",20,""Qrob"",3.0269,875.5084322,2015,""Cyanistescaeruleus"",""12126438"",""12126439"",2015-04-09,13,1,11,0,NA"
"37,""2015_19_4"",""19_4"",19,""Qrob"",90.3595,1309.083906,2015,""Cyanistescaeruleus"",""12126440"",NA,2015-04-05,14,1,9,9,NA"
"38,""2015_40_2"",""40_2"",40,""Qrub"",46.6448,1756.705971,2015,""Cyanistescaeruleus"",""12126443"",""12126442"",2015-04-14,9,1,8,5,NA"
"39,""2015_43_1"",""43_1"",43,""Qrob"",46.6448,1077.37021,2015,""Cyanistescaeruleus"",""12126444"",""12126203"",2015-04-12,12,1,10,10,NA"
"40,""2015_36_2"",""36_2"",36,""Qrub"",58.3536,1206.265666,2015,""Cyanistescaeruleus"",""12126446"",""12126445"",2015-04-16,9,1,8,6,NA"
"41,""2016_36_2"",""36_2"",36,""Qrub"",58.3536,1206.265666,2016,""Cyanistescaeruleus"",""12126446"",NA,2016-04-13,10,0,9,0,0.115332024"
"42,""2015_46_3"",""46_3"",46,""threespec"",18.7863,2443.81969,2015,""Cyanistescaeruleus"",""12126448"",""12126447"",2015-04-14,11,0,10,9,NA"
"43,""2015_2_2"",""2_2"",2,""Fsyl"",43.7401,1811.174044,2015,""Cyanistescaeruleus"",""12126465"",""12126466"",2015-04-19,8,1,7,7,NA"
"44,""2015_12_1"",""12_1"",12,""FsylQrub"",90.3595,1747.115895,2015,""Cyanistescaeruleus"",""12126495"",""11024463"",2015-04-20,8,1,6,5,NA"
"45,""2015_51_4"",""51_4"",51,""QrobQrub"",25.5002,1674.359935,2015,""Cyanistescaeruleus"",""12126497"",""12126496"",2015-04-14,9,0,9,9,NA"
"46,""2016_49_4"",""49_4"",49,""QrobQrub"",25.5002,1946.661629,2016,""Cyanistescaeruleus"",""12224750"",""12126112"",2016-04-15,15,0,11,11,0.518265159"
"47,""2015_30_1"",""30_1"",30,""FsylQrob"",9.6915,1963.189302,2015,""Cyanistescaeruleus"",""13105104"",""12126235"",2015-04-14,13,1,8,5,NA"
"48,""2016_8_3"",""8_3"",8,""FsylQrub"",90.3595,1250.118395,2016,""Cyanistescaeruleus"",""13166617"",""14157337"",2016-04-12,10,0,8,8,NA"
"49,""2015_30_2"",""30_2"",30,""FsylQrob"",9.6915,1963.189302,2015,""Cyanistescaeruleus"",""13191755"",""13191777"",2015-04-15,12,1,10,7,NA"
"50,""2016_34_1"",""34_1"",34,""QrobQrub"",35.4919,2128.950818,2016,""Cyanistescaeruleus"",""14157336"",NA,2016-04-08,12,0,11,11,0.194537232"
"51,""2016_50_3"",""50_3"",50,""QrobQrub"",25.5002,2272.427065,2016,""Cyanistescaeruleus"",""14157350"",NA,2016-04-10,11,0,9,9,0.67338619"
"52,""2016_23_4"",""23_4"",23,""FsylQrob"",44.1402,2590.644674,2016,""Cyanistescaeruleus"",""14157525"",""12126101"",2016-04-05,5,0,3,3,0.132417881"
"53,""2016_17_1"",""17_1"",17,""FsylQrob"",90.3595,1895.97334,2016,""Cyanistescaeruleus"",""14157593"",NA,2016-04-03,14,0,13,13,0.101418365"
"54,""2016_18_4"",""18_4"",18,""Qrob"",90.3595,1258.831306,2016,""Cyanistescaeruleus"",""14157595"",""141575594"",2016-04-08,12,0,12,12,0.676870183"
"55,""2016_15_3"",""15_3"",15,""FsylQrub"",90.3595,965.1556742,2016,""Cyanistescaeruleus"",""14157596"",""14157338"",2016-04-09,11,0,9,9,NA"
"56,""2016_20_2"",""20_2"",20,""Qrob"",3.0269,875.5084322,2016,""Cyanistescaeruleus"",""14157597"",""14157598"",2016-04-10,11,0,9,9,0.54905369"
"57,""2016_28_3"",""28_3"",28,""FsylQrob"",10.7426,1861.982544,2016,""Cyanistescaeruleus"",""14157600"",""14157599"",2016-04-08,13,0,8,8,NA"
"58,""2016_39_4"",""39_4"",39,""FsylQrub"",46.6448,2118.242176,2016,""Cyanistescaeruleus"",""14157701"",""8879200"",2016-04-18,10,0,9,0,NA"
"59,""2016_48_1"",""48_1"",48,""Qrob"",18.7863,1741.376164,2016,""Cyanistescaeruleus"",""14157703"",""8879102"",2016-04-16,11,0,11,8,0.764464782"
"60,""2016_13_2"",""13_2"",13,""FsylQrob"",90.3595,734.2083225,2016,""Cyanistescaeruleus"",""14157729"",""14157730"",2016-05-01,9,0,6,NA,0.057307857"
"61,""2016_2_3"",""2_3"",2,""Fsyl"",43.7401,1811.174044,2016,""Cyanistescaeruleus"",""14157742"",""12126214"",2016-04-15,11,0,11,11,0.016260181"
"62,""2016_50_2"",""50_2"",50,""QrobQrub"",25.5002,2272.427065,2016,""Cyanistescaeruleus"",""14157765"",""14157766"",2016-04-29,8,0,7,7,0.075456905"
"63,""2015_36_4"",""36_4"",36,""Qrub"",58.3536,1206.265666,2015,""Cyanistescaeruleus"",""21266432"",""21266431"",2015-04-14,7,1,6,5,NA"
"64,""2015_16_1"",""16_1"",16,""Qrub"",90.3595,783.4203332,2015,""Parusmajor"",""51V06444"",NA,2015-04-21,6,1,5,4,NA"
"65,""2015_16_4"",""16_4"",16,""Qrub"",90.3595,783.4203332,2015,""Parusmajor"",""51V27591"",""58V92974"",2015-04-18,8,1,7,5,NA"
"66,""2015_52_3"",""52_3"",52,""Qrub"",53.3881,703.8043438,2015,""Parusmajor"",""53V56783"",""58V92959"",2015-04-20,9,0,NA,NA,NA"
"67,""2016_52_3"",""52_3"",52,""Qrub"",53.3881,703.8043438,2016,""Parusmajor"",""53V56783"",NA,2016-04-09,9,0,8,8,0.400147738"
"68,""2015_45_2"",""45_2"",45,""Qrub"",58.3536,2834.527845,2015,""Parusmajor"",""56V00530"",""58V92570"",2015-04-13,17,0,14,10,NA"
"69,""2016_10_2"",""10_2"",10,""Fsyl"",90.3595,1795.85811,2016,""Parusmajor"",""56V88848"",""59V39602"",2016-04-17,8,0,7,0,0.040671611"
"70,""2015_35_3"",""35_3"",35,""Qrob"",35.4919,2150.791531,2015,""Parusmajor"",""57V84712"",""57V84738"",2015-04-10,7,0,7,7,NA"
"71,""2016_35_2"",""35_2"",35,""Qrob"",35.4919,2150.791531,2016,""Parusmajor"",""57V84712"",""57V84738"",NA,7,0,7,7,0.385766905"
"72,""2015_37_4"",""37_4"",37,""Qrub"",58.3536,1834.147379,2015,""Parusmajor"",""57V84713"",""57V84771"",2015-04-12,8,1,5,3,NA"
"73,""2015_18_2"",""18_2"",18,""Qrob"",90.3595,1258.831306,2015,""Parusmajor"",""57V84714"",""58V34704"",2015-04-18,8,1,6,6,NA"
"74,""2015_22_1"",""22_1"",22,""Fsyl"",44.1402,2336.669661,2015,""Parusmajor"",""57V84726"",NA,2015-04-18,8,1,6,6,NA"
"75,""2015_47_1"",""47_1"",47,""Qrob"",18.7863,2059.032457,2015,""Parusmajor"",""57V84729"",""57V84747"",2015-04-14,7,1,5,5,NA"
"76,""2015_25_1"",""25_1"",25,""QrobQrub"",19.2985,1495.375256,2015,""Parusmajor"",""57V84731"",NA,2015-04-13,10,1,9,8,NA"
"77,""2016_25_4"",""25_4"",25,""QrobQrub"",19.2985,1495.375256,2016,""Parusmajor"",""57V84731"",NA,2016-04-07,9,0,7,7,0.520697024"
"78,""2015_1_1"",""1_1"",1,""QrobQrub"",25.3573,2932.399184,2015,""Parusmajor"",""57V84734"",NA,2015-04-15,6,1,5,4,NA"
"79,""2016_1_2"",""1_2"",1,""QrobQrub"",25.3573,2932.399184,2016,""Parusmajor"",""57V84734"",""59V39808"",2016-04-19,7,0,7,0,0.056909762"
"80,""2015_38_4"",""38_4"",38,""threespec"",46.6448,1588.065265,2015,""Parusmajor"",""57V84735"",""57V84736"",2015-04-12,8,1,7,7,NA"
"81,""2015_47_3"",""47_3"",47,""Qrob"",18.7863,2059.032457,2015,""Parusmajor"",""57V84737"",NA,2015-04-13,9,1,7,6,NA"
"82,""2015_31_4"",""31_4"",31,""Qrob"",9.2077,1255.846088,2015,""Parusmajor"",""57V84739"",""57V84743"",2015-04-10,7,0,6,6,NA"
"83,""2015_38_1"",""38_1"",38,""threespec"",46.6448,1588.065265,2015,""Parusmajor"",""57V84740"",""57V84724"",2015-04-14,11,1,10,10,NA"
"84,""2015_32_2"",""32_2"",32,""QrobQrub"",35.4919,2006.642238,2015,""Parusmajor"",""57V84744"",NA,2015-04-12,11,2,9,0,NA"
"85,""2015_34_4"",""34_4"",34,""QrobQrub"",35.4919,2128.950818,2015,""Parusmajor"",""57V84745"",""57V84746"",2015-04-13,8,1,7,6,NA"
"86,""2015_1_4"",""1_4"",1,""QrobQrub"",25.3573,2932.399184,2015,""Parusmajor"",""57V84748"",""57V84733"",2015-04-09,9,1,8,8,NA"
"87,""2015_31_3"",""31_3"",31,""Qrob"",9.2077,1255.846088,2015,""Parusmajor"",""57V84751"",""57V84741"",2015-04-12,8,1,7,7,NA"
"88,""2015_48_4"",""48_4"",48,""Qrob"",18.7863,1741.376164,2015,""Parusmajor"",""57V84752"",""57V84755"",2015-04-11,8,1,7,0,NA"
"89,""2015_48_1"",""48_1"",48,""Qrob"",18.7863,1741.376164,2015,""Parusmajor"",""57V84753"",""57V84754"",2015-04-14,10,1,9,9,NA"
"90,""2015_37_3"",""37_3"",37,""Qrub"",58.3536,1834.147379,2015,""Parusmajor"",""57V84775"",""57V84750"",2015-04-19,7,1,6,3,NA"
"91,""2016_49_1"",""49_1"",49,""QrobQrub"",25.5002,1946.661629,2016,""Parusmajor"",""58V92436"",NA,2016-04-15,8,0,8,7,0.500832302"
"92,""2016_22_2"",""22_2"",22,""Fsyl"",44.1402,2336.669661,2016,""Parusmajor"",""58V92482"",""59V39125"",2016-04-16,9,0,7,7,0.024733413"
"93,""2015_49_3"",""49_3"",49,""QrobQrub"",25.5002,1946.661629,2015,""Parusmajor"",""58V92536"",NA,2015-04-26,8,1,6,6,NA"
"94,""2015_21_3"",""21_3"",21,""Fsyl"",6.1912,1777.232464,2015,""Parusmajor"",""58V92548"",NA,2015-04-28,7,0,4,3,NA"
"95,""2015_40_3"",""40_3"",40,""Qrub"",46.6448,1756.705971,2015,""Parusmajor"",""58V92596"",NA,2015-04-20,6,1,4,0,NA"
"96,""2015_10_3"",""10_3"",10,""Fsyl"",90.3595,1795.85811,2015,""Parusmajor"",""58V92604"",""58V92613"",2015-04-17,10,1,6,6,NA"
"97,""2015_9_4"",""9_4"",9,""FsylQrob"",90.3595,1331.566955,2015,""Parusmajor"",""58V92610"",""58V92614"",2015-04-25,7,1,5,5,NA"
"98,""2016_9_2"",""9_2"",9,""FsylQrob"",90.3595,1331.566955,2016,""Parusmajor"",""58V92610"",""59V39046"",2016-04-10,9,0,8,8,0.072319576"
"99,""2015_12_3"",""12_3"",12,""FsylQrub"",90.3595,1747.115895,2015,""Parusmajor"",""58V92627"",""58V92953"",2015-04-19,9,1,7,7,NA"
"100,""2015_24_4"",""24_4"",24,""threespec"",44.1402,1106.881143,2015,""Parusmajor"",""58V92649"",""58V92648"",2015-04-15,10,1,9,7,NA"
"101,""2016_24_1"",""24_1"",24,""threespec"",44.1402,1106.881143,2016,""Parusmajor"",""58V92649"",""57V84727"",2016-04-05,11,0,9,9,0.056006976"
"102,""2015_23_2"",""23_2"",23,""FsylQrob"",44.1402,2590.644674,2015,""Parusmajor"",""58V92658"",NA,2015-04-21,10,0,9,5,NA"
"103,""2015_21_2"",""21_2"",21,""Fsyl"",6.1912,1777.232464,2015,""Parusmajor"",""58V92670"",""57V84725"",2015-04-19,7,1,5,5,NA"
"104,""2015_46_1"",""46_1"",46,""threespec"",18.7863,2443.81969,2015,""Parusmajor"",""58V92722"",NA,2015-04-23,8,1,7,7,NA"
"105,""2015_46_4"",""46_4"",46,""threespec"",18.7863,2443.81969,2015,""Parusmajor"",""58V92724"",""58V92723"",2015-04-23,7,0,7,7,NA"
"106,""2015_37_2"",""37_2"",37,""Qrub"",58.3536,1834.147379,2015,""Parusmajor"",""58V92740"",NA,2015-04-16,9,1,7,2,NA"
"107,""2015_42_4"",""42_4"",42,""Fsyl"",46.6448,1505.195427,2015,""Parusmajor"",""58V92784"",""58V92786"",2015-04-22,9,1,7,7,NA"
"108,""2015_42_3"",""42_3"",42,""Fsyl"",46.6448,1505.195427,2015,""Parusmajor"",""58V92785"",""56V00512"",2015-04-15,9,0,8,7,NA"
"109,""2015_39_4"",""39_4"",39,""FsylQrub"",46.6448,2118.242176,2015,""Parusmajor"",""58V92793"",NA,2015-04-18,7,1,6,0,NA"
"110,""2015_4_3"",""4_3"",4,""FsylQrub"",29.8253,2392.466844,2015,""Parusmajor"",""58V92800"",""58V92603"",2015-04-21,10,1,7,0,NA"
"111,""2015_18_3"",""18_3"",18,""Qrob"",90.3595,1258.831306,2015,""Parusmajor"",""58V92818"",""58V92817"",2015-04-21,8,1,5,5,NA"
"112,""2016_18_2"",""18_2"",18,""Qrob"",90.3595,1258.831306,2016,""Parusmajor"",""58V92818"",""59V39014"",2016-04-13,7,0,7,7,0.610115886"
"113,""2015_49_2"",""49_2"",49,""QrobQrub"",25.5002,1946.661629,2015,""Parusmajor"",""58V92819"",""58V92825"",2015-04-13,13,1,10,8,NA"
"114,""2015_26_4"",""26_4"",26,""Fsyl"",3.5305,839.5898714,2015,""Parusmajor"",""58V92851"",""58V92850"",2015-04-20,7,1,5,0,NA"
"115,""2015_9_3"",""9_3"",9,""FsylQrob"",90.3595,1331.566955,2015,""Parusmajor"",""58V92928"",NA,2015-04-17,8,1,7,7,NA"
"116,""2015_50_2"",""50_2"",50,""QrobQrub"",25.5002,2272.427065,2015,""Parusmajor"",""58V92938"",NA,2015-04-17,10,1,9,8,NA"
"117,""2015_51_1"",""51_1"",51,""QrobQrub"",25.5002,1674.359935,2015,""Parusmajor"",""58V92939"",""58V92826"",2015-04-12,9,1,7,7,NA"
"118,""2015_28_4"",""28_4"",28,""FsylQrob"",10.7426,1861.982544,2015,""Parusmajor"",""58V92949"",""58V92948"",2015-04-15,8,1,6,5,NA"
"119,""2015_28_1"",""28_1"",28,""FsylQrob"",10.7426,1861.982544,2015,""Parusmajor"",""58V92949"",""58V92996"",2015-04-17,8,0,6,5,NA"
"120,""2015_29_4"",""29_4"",29,""threespec"",10.7426,1982.888246,2015,""Parusmajor"",""58V92950"",""58V92973"",2015-04-12,10,1,9,9,NA"
"121,""2015_30_3"",""30_3"",30,""FsylQrob"",9.6915,1963.189302,2015,""Parusmajor"",""58V92951"",""58V92762"",2015-04-16,11,1,7,5,NA"
"122,""2015_23_1"",""23_1"",23,""FsylQrob"",44.1402,2590.644674,2015,""Parusmajor"",""58V92955"",""58V92956"",2015-04-20,8,0,7,6,NA"
"123,""2015_23_3"",""23_3"",23,""FsylQrob"",44.1402,2590.644674,2015,""Parusmajor"",""58V92957"",""58V92659"",2015-04-18,8,1,5,5,NA"
"124,""2015_49_1"",""49_1"",49,""QrobQrub"",25.5002,1946.661629,2015,""Parusmajor"",""58V92958"",""57V84749"",2015-04-13,6,1,5,5,NA"
"125,""2015_53_4"",""53_4"",53,""QrobQrub"",53.3881,655.90871,2015,""Parusmajor"",""58V92961"",""58V92987"",2015-04-16,7,1,6,4,NA"
"126,""2015_53_3"",""53_3"",53,""QrobQrub"",53.3881,655.90871,2015,""Parusmajor"",""58V92962"",""58V92963"",2015-04-19,7,1,6,4,NA"
"127,""2015_3_2"",""3_2"",3,""Fsyl"",43.7401,1202.986145,2015,""Parusmajor"",""58V92964"",NA,2015-04-17,5,1,4,4,NA"
"128,""2015_2_3"",""2_3"",2,""Fsyl"",43.7401,1811.174044,2015,""Parusmajor"",""58V92965"",""58V92966"",2015-04-20,8,1,5,5,NA"
"129,""2016_2_4"",""2_4"",2,""Fsyl"",43.7401,1811.174044,2016,""Parusmajor"",""58V92965"",""58V92967"",2016-04-12,9,0,8,8,0.016573571"
"130,""2015_4_1"",""4_1"",4,""FsylQrub"",29.8253,2392.466844,2015,""Parusmajor"",""58V92968"",NA,2015-04-16,8,1,5,5,NA"
"131,""2015_5_2"",""5_2"",5,""threespec"",29.8253,2200.019496,2015,""Parusmajor"",""58V92969"",NA,2015-04-19,6,1,4,4,NA"
"132,""2015_26_2"",""26_2"",26,""Fsyl"",3.5305,839.5898714,2015,""Parusmajor"",""58V92970"",""58V92972"",2015-04-22,7,1,4,0,NA"
"133,""2015_18_1"",""18_1"",18,""Qrob"",90.3595,1258.831306,2015,""Parusmajor"",""58V92980"",NA,2015-04-21,11,1,10,10,NA"
"134,""2015_7_3"",""7_3"",7,""threespec"",90.3595,1248.625509,2015,""Parusmajor"",""58V92981"",""58V92847"",2015-04-20,9,1,8,8,NA"
"135,""2015_52_4"",""52_4"",52,""Qrub"",53.3881,703.8043438,2015,""Parusmajor"",""58V92989"",""58V92988"",2015-04-22,6,0,6,NA,NA"
"136,""2016_36_3"",""36_3"",36,""Qrub"",58.3536,1206.265666,2016,""Parusmajor"",""59V39003"",""57V84771"",2016-04-08,6,0,6,4,0.07820119"
"137,""2016_47_4"",""47_4"",47,""Qrob"",18.7863,2059.032457,2016,""Parusmajor"",""59V39006"",NA,2016-04-05,10,0,9,8,0.319116032"
"138,""2016_13_4"",""13_4"",13,""FsylQrob"",90.3595,734.2083225,2016,""Parusmajor"",""59V39012"",""58V92580"",2016-04-09,9,0,8,8,0.076973456"
"139,""2016_18_3"",""18_3"",18,""Qrob"",90.3595,1258.831306,2016,""Parusmajor"",""59V39013"",""58V34704"",2016-04-12,8,0,8,8,0.610115886"
"140,""2016_27_1"",""27_1"",27,""FsylQrob"",1.313,1235.849916,2016,""Parusmajor"",""59V39016"",NA,2016-04-10,7,0,7,7,0.128860476"
"141,""2016_47_3"",""47_3"",47,""Qrob"",18.7863,2059.032457,2016,""Parusmajor"",""59V39031"",""59V39005"",2016-04-07,7,0,6,6,0.35076996"
"142,""2016_49_2"",""49_2"",49,""QrobQrub"",25.5002,1946.661629,2016,""Parusmajor"",""59V39048"",""59V39047"",2016-04-07,15,0,14,14,0.483399444"
"143,""2016_51_1"",""51_1"",51,""QrobQrub"",25.5002,1674.359935,2016,""Parusmajor"",""59V39050"",NA,2016-04-12,11,0,7,NA,0.613335536"
"144,""2016_5_4"",""5_4"",5,""threespec"",29.8253,2200.019496,2016,""Parusmajor"",""59V39059"",""59V39254"",2016-04-15,9,0,6,0,0.102549723"
"145,""2016_24_3"",""24_3"",24,""threespec"",44.1402,1106.881143,2016,""Parusmajor"",""59V39116"",""59V39444"",2016-04-16,9,0,9,9,0.062048413"
"146,""2016_42_2"",""42_2"",42,""Fsyl"",46.6448,1505.195427,2016,""Parusmajor"",""59V391819"",""59V39822"",2016-04-18,9,0,7,4,NA"
"147,""2016_32_1"",""32_1"",32,""QrobQrub"",35.4919,2006.642238,2016,""Parusmajor"",""59V39369"",""59V39370"",2016-04-08,6,0,5,5,0.186647143"
"148,""2016_34_2"",""34_2"",34,""QrobQrub"",35.4919,2128.950818,2016,""Parusmajor"",""59V39371"",""59V39026"",2016-04-10,8,0,6,6,0.19821247"
"149,""2016_47_2"",""47_2"",47,""Qrob"",18.7863,2059.032457,2016,""Parusmajor"",""59V39399"",NA,2016-04-07,9,0,9,9,0.377647143"
"150,""2016_11_1"",""11_1"",11,""threespec"",90.3595,850.7066029,2016,""Parusmajor"",""59V39417"",""59V39416"",2016-04-13,9,0,9,NA,0.110871397"
"151,""2016_21_1"",""21_1"",21,""Fsyl"",6.1912,1777.232464,2016,""Parusmajor"",""59V39421"",""59V39422"",2016-04-13,11,0,9,0,0.034609964"
"152,""2016_6_2"",""6_2"",6,""FsylQrub"",90.3595,2031.710199,2016,""Parusmajor"",""59V39498"",""59V39039"",2016-04-09,12,0,8,0,NA"
"153,""2016_20_1"",""20_1"",20,""Qrob"",3.0269,875.5084322,2016,""Parusmajor"",""59V39499"",""58V92464"",2016-04-08,12,0,12,12,0.509445923"
"154,""2016_12_2"",""12_2"",12,""FsylQrub"",90.3595,1747.115895,2016,""Parusmajor"",""59V39500"",""59V39418"",2016-04-13,9,0,8,8,NA"
"155,""2016_38_4"",""38_4"",38,""threespec"",46.6448,1588.065265,2016,""Parusmajor"",""59V39601"",""59V92794"",2016-04-13,4,0,4,3,0.39340373"
"156,""2016_16_3"",""16_3"",16,""Qrub"",90.3595,783.4203332,2016,""Parusmajor"",""59V39603"",""59V92974"",2016-04-09,9,0,7,6,0.098097838"
"157,""2016_40_2"",""40_2"",40,""Qrub"",46.6448,1756.705971,2016,""Parusmajor"",""59V39623"",NA,2016-04-18,11,0,10,9,0.070240048"
"158,""2016_25_1"",""25_1"",25,""QrobQrub"",19.2985,1495.375256,2016,""Parusmajor"",""59V39654"",""59V39355"",2016-04-19,9,0,9,9,0.753116235"
"159,""2016_1_1"",""1_1"",1,""QrobQrub"",25.3573,2932.399184,2016,""Parusmajor"",""59V39807"",""59V39806"",2016-05-01,9,0,6,2,0.066214762"
"160,""2016_43_3"",""43_3"",43,""Qrob"",46.6448,1077.37021,2016,""Parusmajor"",""59V39821"",""59V39820"",2016-05-02,9,0,7,5,0.048697738"
"161,""2016_5_2"",""5_2"",5,""threespec"",29.8253,2200.019496,2016,""Parusmajor"",""59V39824"",NA,2016-05-02,7,0,7,6,0.07357619"
"162,""2016_21_4"",""21_4"",21,""Fsyl"",6.1912,1777.232464,2016,""Parusmajor"",""59V92548"",NA,2016-04-05,9,0,7,0,0.022506758"
"163,""2016_44_3"",""44_3"",44,""FsylQrob"",46.6448,1378.848035,2016,""Cyanistescaeruleus"",""AU30009"",""14157755"",2016-05-02,8,0,8,0,0.044033214"
"164,""2015_1_3"",""1_3"",1,""QrobQrub"",25.3573,2932.399184,2015,""Cyanistescaeruleus"",NA,NA,2015-04-12,11,1,0,0,NA"
"165,""2015_1_2"",""1_2"",1,""QrobQrub"",25.3573,2932.399184,2015,""Parusmajor"",NA,NA,2015-04-22,7,0,7,7,NA"
"166,""2016_1_3"",""1_3"",1,""QrobQrub"",25.3573,2932.399184,2016,""Cyanistescaeruleus"",NA,NA,2016-04-05,12,0,0,0,NA"
"167,""2016_1_4"",""1_4"",1,""QrobQrub"",25.3573,2932.399184,2016,""Parusmajor"",NA,NA,2016-04-11,9,0,NA,NA,NA"
"168,""2015_2_4"",""2_4"",2,""Fsyl"",43.7401,1811.174044,2015,""Parusmajor"",NA,""58V92967"",2015-04-20,8,1,4,4,NA"
"169,""2016_2_1"",""2_1"",2,""Fsyl"",43.7401,1811.174044,2016,""Cyanistescaeruleus"",NA,NA,2016-04-10,9,0,7,NA,0.018242857"
"170,""2016_2_2"",""2_2"",2,""Fsyl"",43.7401,1811.174044,2016,""Sittaeuropeae"",NA,NA,2016-04-11,5,0,5,0,NA"
"171,""2016_3_2"",""3_2"",3,""Fsyl"",43.7401,1202.986145,2016,""Parusmajor"",NA,""58V92456"",2016-05-01,3,0,2,2,0.020953984"
"172,""2016_4_1"",""4_1"",4,""FsylQrub"",29.8253,2392.466844,2016,""Parusmajor"",NA,""59V39038"",2016-04-13,10,0,8,8,NA"
"173,""2016_4_4"",""4_4"",4,""FsylQrub"",29.8253,2392.466844,2016,""Cyanistescaeruleus"",NA,NA,2016-04-19,10,0,9,8,NA"
"174,""2015_5_1"",""5_1"",5,""threespec"",29.8253,2200.019496,2015,""Parusmajor"",NA,NA,2015-04-17,7,1,2,2,NA"
"175,""2016_5_3"",""5_3"",5,""threespec"",29.8253,2200.019496,2016,""Parusmajor"",NA,NA,2016-04-15,12,0,4,0,0.084742857"
"176,""2016_5_1"",""5_1"",5,""threespec"",29.8253,2200.019496,2016,""Cyanistescaeruleus"",NA,""12126048"",2016-04-20,8,0,8,8,0.100259842"
"177,""2015_6_2"",""6_2"",6,""FsylQrub"",90.3595,2031.710199,2015,""Sittaeuropeae"",NA,NA,2015-04-06,6,0,6,6,NA"
"178,""2015_6_1"",""6_1"",6,""FsylQrub"",90.3595,2031.710199,2015,""Parusmajor"",NA,NA,2015-04-30,4,0,4,0,NA"
"179,""2015_6_4"",""6_4"",6,""FsylQrub"",90.3595,2031.710199,2015,""Parusmajor"",NA,NA,2015-05-05,9,0,8,4,NA"
"180,""2016_6_1"",""6_1"",6,""FsylQrub"",90.3595,2031.710199,2016,""Parusmajor"",NA,NA,2016-04-15,9,0,0,0,NA"
"181,""2016_6_3"",""6_3"",6,""FsylQrub"",90.3595,2031.710199,2016,""Sittaeuropeae"",NA,NA,2016-04-17,6,0,6,0,NA"
"182,""2015_7_1"",""7_1"",7,""threespec"",90.3595,1248.625509,2015,""Parusmajor"",NA,""58V92982"",2015-04-20,9,1,7,3,NA"
"183,""2016_7_1"",""7_1"",7,""threespec"",90.3595,1248.625509,2016,""Cyanistescaeruleus"",NA,NA,2016-05-08,9,0,8,6,NA"
"184,""2015_8_3"",""8_3"",8,""FsylQrub"",90.3595,1250.118395,2015,""Cyanistescaeruleus"",NA,NA,2015-05-04,NA,NA,NA,NA,NA"
"185,""2015_9_2"",""9_2"",9,""FsylQrob"",90.3595,1331.566955,2015,""Sittaeuropeae"",NA,NA,2015-04-08,7,0,6,6,NA"
"186,""2016_9_1"",""9_1"",9,""FsylQrob"",90.3595,1331.566955,2016,""Cyanistescaeruleus"",NA,NA,2016-04-15,6,0,0,0,NA"
"187,""2015_10_2"",""10_2"",10,""Fsyl"",90.3595,1795.85811,2015,""Cyanistescaeruleus"",NA,NA,2015-04-18,7,0,0,0,NA"
"188,""2016_10_4"",""10_4"",10,""Fsyl"",90.3595,1795.85811,2016,""Cyanistescaeruleus"",NA,NA,2016-04-10,9,0,0,0,NA"
"189,""2016_10_3"",""10_3"",10,""Fsyl"",90.3595,1795.85811,2016,""Parusmajor"",NA,NA,2016-04-10,7,0,0,0,NA"
"190,""2015_11_2"",""11_2"",11,""threespec"",90.3595,850.7066029,2015,""Parusmajor"",NA,NA,2015-04-13,1,0,0,0,NA"
"191,""2015_11_3"",""11_3"",11,""threespec"",90.3595,850.7066029,2015,""Parusmajor"",NA,NA,2015-04-13,1,0,0,0,NA"
"192,""2015_11_1"",""11_1"",11,""threespec"",90.3595,850.7066029,2015,""Cyanistescaeruleus"",NA,NA,2015-04-14,NA,0,0,0,NA"
"193,""2016_11_3"",""11_3"",11,""threespec"",90.3595,850.7066029,2016,""Parusmajor"",NA,""59V39001"",2016-04-05,8,0,7,4,0.068163528"
"194,""2015_12_4"",""12_4"",12,""FsylQrub"",90.3595,1747.115895,2015,""Parusmajor"",NA,""58V92952"",2015-04-13,9,1,8,8,NA"
"195,""2016_12_4"",""12_4"",12,""FsylQrub"",90.3595,1747.115895,2016,""Sittaeuropeae"",NA,NA,2016-04-12,6,0,6,6,NA"
"196,""2015_13_3"",""13_3"",13,""FsylQrob"",90.3595,734.2083225,2015,""Cyanistescaeruleus"",NA,NA,2015-04-14,11,1,9,8,NA"
"197,""2015_14_3"",""14_3"",14,""Fsyl"",90.3595,936.2112478,2015,""Sittaeuropeae"",NA,NA,2015-04-06,7,0,7,7,NA"
"198,""2016_14_4"",""14_4"",14,""Fsyl"",90.3595,936.2112478,2016,""Parusmajor"",NA,NA,2016-04-10,9,0,7,0,0.014593488"
"199,""2016_14_3"",""14_3"",14,""Fsyl"",90.3595,936.2112478,2016,""Cyanistescaeruleus"",NA,NA,2016-04-17,8,0,0,0,0.022187821"
"200,""2015_17_2"",""17_2"",17,""FsylQrob"",90.3595,1895.97334,2015,""Parusmajor"",NA,NA,2015-04-17,8,1,6,6,NA"
"201,""2016_17_3"",""17_3"",17,""FsylQrob"",90.3595,1895.97334,2016,""Parusmajor"",NA,NA,2016-04-07,9,0,8,0,0.103224016"
"202,""2016_17_4"",""17_4"",17,""FsylQrob"",90.3595,1895.97334,2016,""Parusmajor"",NA,NA,2016-05-10,7,0,NA,NA,NA"
"203,""2015_18_4"",""18_4"",18,""Qrob"",90.3595,1258.831306,2015,""Parusmajor"",NA,""58V92914"",2015-04-12,10,1,7,7,NA"
"204,""2015_19_3"",""19_3"",19,""Qrob"",90.3595,1309.083906,2015,""Parusmajor"",NA,""58V92848"",2015-04-17,9,1,8,8,NA"
"205,""2016_19_4"",""19_4"",19,""Qrob"",90.3595,1309.083906,2016,""Cyanistescaeruleus"",NA,NA,2016-04-04,13,0,10,10,0.366003056"
"206,""2016_19_2"",""19_2"",19,""Qrob"",90.3595,1309.083906,2016,""Cyanistescaeruleus"",NA,""12126441"",2016-04-04,14,0,14,14,0.335067147"
"207,""2015_20_2"",""20_2"",20,""Qrob"",3.0269,875.5084322,2015,""Cyanistescaeruleus"",NA,NA,2015-04-09,11,1,9,7,NA"
"208,""2015_20_1"",""20_1"",20,""Qrob"",3.0269,875.5084322,2015,""Cyanistescaeruleus"",NA,NA,2015-04-12,13,1,11,9,NA"
"209,""2016_20_4"",""20_4"",20,""Qrob"",3.0269,875.5084322,2016,""Parusmajor"",NA,NA,2016-04-17,8,0,8,7,0.568795833"
"210,""2015_21_4"",""21_4"",21,""Fsyl"",6.1912,1777.232464,2015,""Parusmajor"",NA,NA,2015-04-13,8,1,0,0,NA"
"211,""2016_21_2"",""21_2"",21,""Fsyl"",6.1912,1777.232464,2016,""Parusmajor"",NA,""57V84725"",2016-04-14,8,0,6,0,0.02553256"
"212,""2015_22_2"",""22_2"",22,""Fsyl"",44.1402,2336.669661,2015,""Parusmajor"",NA,NA,2015-04-16,6,1,4,0,NA"
"213,""2016_22_4"",""22_4"",22,""Fsyl"",44.1402,2336.669661,2016,""Parusmajor"",NA,NA,2016-04-17,3,0,0,0,NA"
"214,""2016_23_1"",""23_1"",23,""FsylQrob"",44.1402,2590.644674,2016,""Cyanistescaeruleus"",NA,NA,2016-04-11,11,0,0,0,NA"
"215,""2016_23_2"",""23_2"",23,""FsylQrob"",44.1402,2590.644674,2016,""Parusmajor"",NA,""59V39156"",2016-04-17,10,0,10,10,0.1379"
"216,""2015_24_2"",""24_2"",24,""threespec"",44.1402,1106.881143,2015,""Parusmajor"",NA,""57V84727"",2015-04-12,9,1,8,0,NA"
"217,""2015_24_1"",""24_1"",24,""threespec"",44.1402,1106.881143,2015,""Parusmajor"",NA,NA,2015-04-15,6,1,5,5,NA"
"218,""2016_24_2"",""24_2"",24,""threespec"",44.1402,1106.881143,2016,""Cyanistescaeruleus"",NA,""14157743"",2016-05-01,9,0,9,8,0.040972857"
"219,""2015_25_2"",""25_2"",25,""QrobQrub"",19.2985,1495.375256,2015,""Parusmajor"",NA,""57V84732"",2015-04-13,10,1,9,7,NA"
"220,""2015_25_3"",""25_3"",25,""QrobQrub"",19.2985,1495.375256,2015,""Parusmajor"",NA,NA,2015-04-14,9,1,0,0,NA"
"221,""2016_25_3"",""25_3"",25,""QrobQrub"",19.2985,1495.375256,2016,""Parusmajor"",NA,""59V3956"",2016-04-14,11,0,11,11,0.749256667"
"222,""2015_26_3"",""26_3"",26,""Fsyl"",3.5305,839.5898714,2015,""Parusmajor"",NA,""58V92971"",2015-04-15,8,1,6,0,NA"
"223,""2016_26_2"",""26_2"",26,""Fsyl"",3.5305,839.5898714,2016,""Cyanistescaeruleus"",NA,NA,2016-04-23,3,0,0,0,NA"
"224,""2016_26_4"",""26_4"",26,""Fsyl"",3.5305,839.5898714,2016,""Parusmajor"",NA,""58V92971"",2016-05-06,5,0,3,0,NA"
"225,""2015_27_4"",""27_4"",27,""FsylQrob"",1.313,1235.849916,2015,""Parusmajor"",NA,NA,2015-04-17,9,1,4,0,NA"
"226,""2015_27_3"",""27_3"",27,""FsylQrob"",1.313,1235.849916,2015,""Sittaeuropeae"",NA,NA,2015-04-18,8,0,6,0,NA"
"227,""2016_27_3"",""27_3"",27,""FsylQrob"",1.313,1235.849916,2016,""Parusmajor"",NA,""58V92460"",2016-04-13,6,0,5,5,0.116011508"
"228,""2016_27_2"",""27_2"",27,""FsylQrob"",1.313,1235.849916,2016,""Cyanistescaeruleus"",NA,""14157432"",2016-04-15,11,0,10,10,0.161300486"
"229,""2016_27_4"",""27_4"",27,""FsylQrob"",1.313,1235.849916,2016,""Sittaeuropeae"",NA,NA,2016-04-25,7,0,7,7,NA"
"230,""2016_28_4"",""28_4"",28,""FsylQrob"",10.7426,1861.982544,2016,""Sittaeuropeae"",NA,NA,2016-04-10,8,0,7,7,NA"
"231,""2016_28_1"",""28_1"",28,""FsylQrob"",10.7426,1861.982544,2016,""Parusmajor"",NA,""58V92948"",2016-04-13,8,0,8,8,NA"
"232,""2016_28_2"",""28_2"",28,""FsylQrob"",10.7426,1861.982544,2016,""Cyanistescaeruleus"",NA,""12126177"",2016-04-15,7,0,6,3,NA"
"233,""2015_29_2"",""29_2"",29,""threespec"",10.7426,1982.888246,2015,""Cyanistescaeruleus"",NA,NA,2015-04-11,10,1,9,9,NA"
"234,""2015_29_1"",""29_1"",29,""threespec"",10.7426,1982.888246,2015,""Cyanistescaeruleus"",NA,""12126418"",2015-04-13,14,1,12,0,NA"
"235,""2016_29_3"",""29_3"",29,""threespec"",10.7426,1982.888246,2016,""Cyanistescaeruleus"",NA,NA,2016-04-12,8,0,0,0,NA"
"236,""2016_29_2"",""29_2"",29,""threespec"",10.7426,1982.888246,2016,""Parusmajor"",NA,NA,2016-04-16,8,0,8,8,0.156324516"
"237,""2016_29_4"",""29_4"",29,""threespec"",10.7426,1982.888246,2016,""Parusmajor"",NA,NA,2016-04-18,4,0,0,0,NA"
"238,""2016_29_1"",""29_1"",29,""threespec"",10.7426,1982.888246,2016,""Cyanistescaeruleus"",NA,NA,2016-04-21,10,0,9,8,0.145214603"
"239,""2016_30_1"",""30_1"",30,""FsylQrob"",9.6915,1963.189302,2016,""Cyanistescaeruleus"",NA,""13105104"",2016-04-07,13,0,11,11,0.187127302"
"240,""2016_30_2"",""30_2"",30,""FsylQrob"",9.6915,1963.189302,2016,""Parusmajor"",NA,""59V39015"",2016-04-08,9,0,9,9,0.187127302"
"241,""2016_30_3"",""30_3"",30,""FsylQrob"",9.6915,1963.189302,2016,""Parusmajor"",NA,""59V39354"",2016-04-10,11,0,10,10,0.197142639"
"242,""2016_30_4"",""30_4"",30,""FsylQrob"",9.6915,1963.189302,2016,""Parusmajor"",NA,""59V39353"",2016-04-20,7,0,5,5,0.186189286"
"243,""2015_31_1"",""31_1"",31,""Qrob"",9.2077,1255.846088,2015,""Parusmajor"",NA,""57V84742"",2015-04-14,10,1,8,8,NA"
"244,""2016_31_2"",""31_2"",31,""Qrob"",9.2077,1255.846088,2016,""Parusmajor"",NA,NA,2016-04-08,8,0,0,0,NA"
"245,""2016_31_1"",""31_1"",31,""Qrob"",9.2077,1255.846088,2016,""Sittaeuropeae"",NA,NA,2016-04-10,9,0,9,9,NA"
"246,""2016_31_4"",""31_4"",31,""Qrob"",9.2077,1255.846088,2016,""Cyanistescaeruleus"",NA,NA,2016-04-12,11,0,0,0,NA"
"247,""2016_31_3"",""31_3"",31,""Qrob"",9.2077,1255.846088,2016,""Cyanistescaeruleus"",NA,NA,2016-04-14,10,0,8,7,0.246744246"
"248,""2015_32_4"",""32_4"",32,""QrobQrub"",35.4919,2006.642238,2015,""Cyanistescaeruleus"",NA,""12126410"",2015-04-10,7,0,4,0,NA"
"249,""2016_32_4"",""32_4"",32,""QrobQrub"",35.4919,2006.642238,2016,""Parusmajor"",NA,NA,2016-04-08,6,0,4,4,0.188919786"
"250,""2015_33_1"",""33_1"",33,""Qrub"",35.4919,1787.879608,2015,""Parusmajor"",NA,""58V92840"",2015-04-14,7,1,6,3,NA"
"251,""2016_33_2"",""33_2"",33,""Qrub"",35.4919,1787.879608,2016,""Parusmajor"",NA,NA,2016-04-08,8,0,5,0,0.105979714"
"252,""2015_34_3"",""34_3"",34,""QrobQrub"",35.4919,2128.950818,2015,""Parusmajor"",NA,NA,2015-04-14,8,0,8,6,NA"
"253,""2015_34_1"",""34_1"",34,""QrobQrub"",35.4919,2128.950818,2015,""Parusmajor"",NA,NA,2015-05-06,8,0,5,3,NA"
"254,""2016_34_4"",""34_4"",34,""QrobQrub"",35.4919,2128.950818,2016,""Sittaeuropeae"",NA,NA,2016-04-13,8,0,8,8,NA"
"255,""2015_35_4"",""35_4"",35,""Qrob"",35.4919,2150.791531,2015,""Parusmajor"",NA,NA,2015-04-15,9,0,7,5,NA"
"256,""2015_35_1"",""35_1"",35,""Qrob"",35.4919,2150.791531,2015,""Parusmajor"",NA,NA,2015-04-17,7,1,4,4,NA"
"257,""2016_35_4"",""35_4"",35,""Qrob"",35.4919,2150.791531,2016,""Parusmajor"",NA,""59V39025"",2016-05-14,7,0,7,7,0.98726131"
"258,""2016_35_1"",""35_1"",35,""Qrob"",35.4919,2150.791531,2016,""Parusmajor"",NA,NA,NA,7,0,6,5,0.985419643"
"259,""2015_36_3"",""36_3"",36,""Qrub"",58.3536,1206.265666,2015,""Parusmajor"",NA,NA,2015-04-12,7,1,6,0,NA"
"260,""2015_36_1"",""36_1"",36,""Qrub"",58.3536,1206.265666,2015,""Parusmajor"",NA,NA,2015-04-28,7,0,6,6,NA"
"261,""2016_36_1"",""36_1"",36,""Qrub"",58.3536,1206.265666,2016,""Cyanistescaeruleus"",NA,NA,2016-04-13,8,0,8,8,0.125904643"
"262,""2016_37_1"",""37_1"",37,""Qrub"",58.3536,1834.147379,2016,""Parusmajor"",NA,NA,2016-04-16,10,0,NA,NA,0.443321825"
"263,""2016_37_3"",""37_3"",37,""Qrub"",58.3536,1834.147379,2016,""Parusmajor"",NA,NA,2016-04-16,9,0,8,7,0.44391373"
"264,""2016_37_4"",""37_4"",37,""Qrub"",58.3536,1834.147379,2016,""Cyanistescaeruleus"",NA,NA,2016-04-18,8,0,8,6,0.44391373"
"265,""2015_38_2"",""38_2"",38,""threespec"",46.6448,1588.065265,2015,""Parusmajor"",NA,NA,2015-04-16,6,0,0,0,NA"
"266,""2015_38_3"",""38_3"",38,""threespec"",46.6448,1588.065265,2015,""Parusmajor"",NA,""58V92794"",2015-04-18,6,1,4,4,NA"
"267,""2016_38_2"",""38_2"",38,""threespec"",46.6448,1588.065265,2016,""Parusmajor"",NA,""59V39400"",2016-04-15,8,0,8,7,0.396583968"
"268,""2016_38_3"",""38_3"",38,""threespec"",46.6448,1588.065265,2016,""Cyanistescaeruleus"",NA,NA,2016-04-24,7,0,0,0,NA"
"269,""2015_39_3"",""39_3"",39,""FsylQrub"",46.6448,2118.242176,2015,""Sittaeuropeae"",NA,NA,2015-04-09,4,0,4,0,NA"
"270,""2015_39_2"",""39_2"",39,""FsylQrub"",46.6448,2118.242176,2015,""Parusmajor"",NA,""57V84769"",2015-04-17,5,1,0,0,NA"
"271,""2016_39_3"",""39_3"",39,""FsylQrub"",46.6448,2118.242176,2016,""Cyanistescaeruleus"",NA,NA,2016-04-11,10,0,8,8,NA"
"272,""2016_39_2"",""39_2"",39,""FsylQrub"",46.6448,2118.242176,2016,""Parusmajor"",NA,""59V39620"",2016-04-26,6,0,6,6,NA"
"273,""2016_39_1"",""39_1"",39,""FsylQrub"",46.6448,2118.242176,2016,""Sittaeuropeae"",NA,NA,NA,8,0,8,8,NA"
"274,""2015_40_1"",""40_1"",40,""Qrub"",46.6448,1756.705971,2015,""Parusmajor"",NA,NA,2015-04-16,8,1,0,0,NA"
"275,""2015_40_4"",""40_4"",40,""Qrub"",46.6448,1756.705971,2015,""Parusmajor"",NA,NA,2015-05-10,6,0,6,4,NA"
"276,""2016_40_4"",""40_4"",40,""Qrub"",46.6448,1756.705971,2016,""Parusmajor"",NA,""59V39309"",2016-04-15,5,0,4,4,0.104237238"
"277,""2016_40_3"",""40_3"",40,""Qrub"",46.6448,1756.705971,2016,""Parusmajor"",NA,""59V39622"",2016-04-23,7,0,7,0,0.061638095"
"278,""2015_41_3"",""41_3"",41,""Qrub"",46.6448,1874.24286,2015,""Parusmajor"",NA,""57V84770"",2015-04-16,8,1,7,6,NA"
"279,""2016_41_4"",""41_4"",41,""Qrub"",46.6448,1874.24286,2016,""Parusmajor"",NA,""57V84770"",2016-04-11,7,0,3,1,0.101285508"
"280,""2016_41_1"",""41_1"",41,""Qrub"",46.6448,1874.24286,2016,""Cyanistescaeruleus"",NA,""14157702"",2016-04-25,11,0,11,9,0.015034524"
"281,""2015_42_2"",""42_2"",42,""Fsyl"",46.6448,1505.195427,2015,""Parusmajor"",NA,""58V92887"",2015-04-17,10,1,9,2,NA"
"282,""2015_42_1"",""42_1"",42,""Fsyl"",46.6448,1505.195427,2015,""Parusmajor"",NA,NA,2015-04-22,6,0,6,4,NA"
"283,""2016_42_1"",""42_1"",42,""Fsyl"",46.6448,1505.195427,2016,""Parusmajor"",NA,NA,2016-04-16,5,0,5,5,0.032305968"
"284,""2016_42_3"",""42_3"",42,""Fsyl"",46.6448,1505.195427,2016,""Parusmajor"",NA,NA,2016-04-21,10,0,7,3,0.019656429"
"285,""2016_42_4"",""42_4"",42,""Fsyl"",46.6448,1505.195427,2016,""Parusmajor"",NA,NA,2016-05-10,7,0,6,0,NA"
"286,""2015_43_4"",""43_4"",43,""Qrob"",46.6448,1077.37021,2015,""Parusmajor"",NA,NA,2015-04-14,8,1,0,0,NA"
"287,""2015_43_2"",""43_2"",43,""Qrob"",46.6448,1077.37021,2015,""Parusmajor"",NA,""58V92770"",2015-04-18,8,1,7,7,NA"
"288,""2015_43_3"",""43_3"",43,""Qrob"",46.6448,1077.37021,2015,""Parusmajor"",NA,NA,2015-04-22,8,1,6,6,NA"
"289,""2016_43_4"",""43_4"",43,""Qrob"",46.6448,1077.37021,2016,""Parusmajor"",NA,NA,2016-04-11,8,0,8,8,0.787112143"
"290,""2016_43_2"",""43_2"",43,""Qrob"",46.6448,1077.37021,2016,""Parusmajor"",NA,NA,2016-04-15,8,0,7,7,0.573222917"
"291,""2016_43_1"",""43_1"",43,""Qrob"",46.6448,1077.37021,2016,""Parusmajor"",NA,NA,2016-04-18,7,0,7,7,0.625568631"
"292,""2015_44_1"",""44_1"",44,""FsylQrob"",46.6448,1378.848035,2015,""Parusmajor"",NA,NA,2015-04-15,8,1,7,6,NA"
"293,""2015_44_3"",""44_3"",44,""FsylQrob"",46.6448,1378.848035,2015,""Parusmajor"",NA,NA,2015-04-17,6,1,0,0,NA"
"294,""2015_44_4"",""44_4"",44,""FsylQrob"",46.6448,1378.848035,2015,""Parusmajor"",NA,""58V92774"",2015-04-19,10,1,7,7,NA"
"295,""2015_44_2"",""44_2"",44,""FsylQrob"",46.6448,1378.848035,2015,""Parusmajor"",NA,NA,2015-04-20,4,1,0,0,NA"
"296,""2016_44_4"",""44_4"",44,""FsylQrob"",46.6448,1378.848035,2016,""Parusmajor"",NA,NA,2016-04-10,6,0,5,5,0.132827615"
"297,""2016_44_2"",""44_2"",44,""FsylQrob"",46.6448,1378.848035,2016,""Parusmajor"",NA,NA,2016-04-13,9,0,8,0,0.147451544"
"298,""2015_45_3"",""45_3"",45,""Qrub"",58.3536,2834.527845,2015,""Sittaeuropeae"",NA,NA,2015-04-01,9,0,9,0,NA"
"299,""2015_45_4"",""45_4"",45,""Qrub"",58.3536,2834.527845,2015,""Parusmajor"",NA,NA,2015-04-13,6,1,5,0,NA"
"300,""2015_45_1"",""45_1"",45,""Qrub"",58.3536,2834.527845,2015,""Parusmajor"",NA,NA,2015-04-17,10,1,NA,NA,NA"
"301,""2016_45_3"",""45_3"",45,""Qrub"",58.3536,2834.527845,2016,""Cyanistescaeruleus"",NA,NA,2016-04-07,10,0,9,9,0.183450452"
"302,""2016_45_2"",""45_2"",45,""Qrub"",58.3536,2834.527845,2016,""Parusmajor"",NA,NA,2016-04-10,9,0,8,8,0.154054643"
"303,""2016_45_1"",""45_1"",45,""Qrub"",58.3536,2834.527845,2016,""Parusmajor"",NA,""59V39912"",2016-04-13,7,0,7,7,0.168370357"
"304,""2016_45_4"",""45_4"",45,""Qrub"",58.3536,2834.527845,2016,""Parusmajor"",NA,NA,2016-04-17,9,0,8,0,0.146896786"
"305,""2016_46_1"",""46_1"",46,""threespec"",18.7863,2443.81969,2016,""Cyanistescaeruleus"",NA,NA,2016-04-11,12,0,11,11,0.412586627"
"306,""2016_46_2"",""46_2"",46,""threespec"",18.7863,2443.81969,2016,""Parusmajor"",NA,NA,2016-04-18,5,0,5,5,0.409826429"
"307,""2016_46_3"",""46_3"",46,""threespec"",18.7863,2443.81969,2016,""Cyanistescaeruleus"",NA,""8879172"",2016-04-21,10,0,10,9,0.268896667"
"308,""2015_47_2"",""47_2"",47,""Qrob"",18.7863,2059.032457,2015,""Parusmajor"",NA,NA,2015-04-09,8,1,5,5,NA"
"309,""2015_47_4"",""47_4"",47,""Qrob"",18.7863,2059.032457,2015,""Parusmajor"",NA,""57V84728"",2015-04-11,8,1,7,7,NA"
"310,""2016_47_1"",""47_1"",47,""Qrob"",18.7863,2059.032457,2016,""Cyanistescaeruleus"",NA,""8879101"",2016-04-11,12,0,11,11,0.361701111"
"311,""2015_48_2"",""48_2"",48,""Qrob"",18.7863,1741.376164,2015,""Parusmajor"",NA,NA,2015-04-09,8,1,6,6,NA"
"312,""2015_48_3"",""48_3"",48,""Qrob"",18.7863,1741.376164,2015,""Sittaeuropeae"",NA,NA,2015-04-13,8,0,8,8,NA"
"313,""2016_48_4"",""48_4"",48,""Qrob"",18.7863,1741.376164,2016,""Parusmajor"",NA,NA,2016-04-10,9,0,0,0,NA"
"314,""2016_48_2"",""48_2"",48,""Qrob"",18.7863,1741.376164,2016,""Sittaeuropeae"",NA,NA,2016-04-13,9,0,9,9,NA"
"315,""2016_49_3"",""49_3"",49,""QrobQrub"",25.5002,1946.661629,2016,""Cyanistescaeruleus"",NA,NA,2016-04-04,11,0,3,0,0.483399444"
"316,""2015_50_4"",""50_4"",50,""QrobQrub"",25.5002,2272.427065,2015,""Parusmajor"",NA,NA,2015-04-15,10,1,0,0,NA"
"317,""2015_50_3"",""50_3"",50,""QrobQrub"",25.5002,2272.427065,2015,""Cyanistescaeruleus"",NA,NA,2015-04-15,13,1,12,0,NA"
"318,""2015_50_1"",""50_1"",50,""QrobQrub"",25.5002,2272.427065,2015,""Parusmajor"",NA,""57V84730"",2015-04-17,7,1,6,0,NA"
"319,""2016_50_4"",""50_4"",50,""QrobQrub"",25.5002,2272.427065,2016,""Parusmajor"",NA,""59V39049"",2016-04-06,10,0,8,8,0.588934762"
"320,""2016_50_1"",""50_1"",50,""QrobQrub"",25.5002,2272.427065,2016,""Parusmajor"",NA,NA,2016-04-14,10,0,10,10,0.645235714"
"321,""2016_51_3"",""51_3"",51,""QrobQrub"",25.5002,1674.359935,2016,""Cyanistescaeruleus"",NA,NA,2016-04-24,9,0,7,2,0.15296494"
"322,""2015_52_2"",""52_2"",52,""Qrub"",53.3881,703.8043438,2015,""Parusmajor"",NA,""58V92960"",2015-04-16,10,1,8,NA,NA"
"323,""2016_52_4"",""52_4"",52,""Qrub"",53.3881,703.8043438,2016,""Cyanistescaeruleus"",NA,NA,2016-04-15,10,0,8,8,0.244597083"
"324,""2016_53_2"",""53_2"",53,""QrobQrub"",53.3881,655.90871,2016,""Cyanistescaeruleus"",NA,NA,2016-04-08,11,0,9,8,0.760034365"
"325,""2016_53_4"",""53_4"",53,""QrobQrub"",53.3881,655.90871,2016,""Parusmajor"",NA,NA,2016-04-12,9,0,7,7,0.760034365"
"326,""2016_53_3"",""53_3"",53,""QrobQrub"",53.3881,655.90871,2016,""Cyanistescaeruleus"",NA,NA,2016-04-14,9,0,3,0,0.730617421"
"327,""2016_53_1"",""53_1"",53,""QrobQrub"",53.3881,655.90871,2016,""Cyanistescaeruleus"",NA,NA,2016-04-19,8,0,8,8,0.645716071"
